[
    {
      "saleDate": {"$date": "2023-10-07T00:00:00.000Z"},
      "materialType": {
        "aluminum": 60,
        "cardboard": 50,
        "glass": 40,
        "metal": {"cans": 45, "scrap": 38},
        "paper": {"books": 25, "mixed": 20, "newspaper": 45, "white": 30},
        "plastic": {"PET": 20, "HDPEColored": 15, "HDPENatural": 10}
      },
      "revenue": 300,
      "buyer": "ABC Recycling Co."
    },
    {
        "saleDate": {"$date": "2024-10-18T00:00:00.000Z"},
        "materialType": {
          "aluminum": 70,
          "cardboard": 53,
          "glass": 48,
          "metal": {"cans": 50, "scrap": 44},
          "paper": {"books": 32, "mixed": 26, "newspaper": 52, "white": 35},
          "plastic": {"PET": 25, "HDPEColored": 21, "HDPENatural": 15}
        },
        "revenue": 320,
        "buyer": "Eco Buyers Ltd."
    },
    {
      "saleDate": {"$date": "2023-11-12T00:00:00.000Z"},
      "materialType": {
        "aluminum": 62,
        "cardboard": 49,
        "glass": 42,
        "metal": {"cans": 46, "scrap": 39},
        "paper": {"books": 28, "mixed": 21, "newspaper": 48, "white": 32},
        "plastic": {"PET": 21, "HDPEColored": 16, "HDPENatural": 11}
      },
      "revenue": 310,
      "buyer": "XYZ Recycling"
    },
    {
        "saleDate": {"$date": "2024-11-28T00:00:00.000Z"},
        "materialType": {
          "aluminum": 70,
          "cardboard": 53,
          "glass": 48,
          "metal": {"cans": 50, "scrap": 44},
          "paper": {"books": 32, "mixed": 26, "newspaper": 52, "white": 35},
          "plastic": {"PET": 25, "HDPEColored": 21, "HDPENatural": 15}
        },
        "revenue": 320,
        "buyer": "Eco Buyers Ltd."
      },
      {
        "saleDate": {"$date": "2023-12-07T00:00:00.000Z"},
        "materialType": {
          "aluminum": 60,
          "cardboard": 50,
          "glass": 40,
          "metal": {"cans": 45, "scrap": 38},
          "paper": {"books": 25, "mixed": 20, "newspaper": 45, "white": 30},
          "plastic": {"PET": 20, "HDPEColored": 15, "HDPENatural": 10}
        },
        "revenue": 300,
        "buyer": "ABC Recycling Co."
      },
      {
          "saleDate": {"$date": "2023-12-18T00:00:00.000Z"},
          "materialType": {
            "aluminum": 70,
            "cardboard": 53,
            "glass": 48,
            "metal": {"cans": 50, "scrap": 44},
            "paper": {"books": 32, "mixed": 26, "newspaper": 52, "white": 35},
            "plastic": {"PET": 25, "HDPEColored": 21, "HDPENatural": 15}
          },
          "revenue": 320,
          "buyer": "Eco Buyers Ltd."
      },
      {
        "saleDate": {"$date": "2023-12-25T00:00:00.000Z"},
        "materialType": {
          "aluminum": 62,
          "cardboard": 49,
          "glass": 42,
          "metal": {"cans": 46, "scrap": 39},
          "paper": {"books": 28, "mixed": 21, "newspaper": 48, "white": 32},
          "plastic": {"PET": 21, "HDPEColored": 16, "HDPENatural": 11}
        },
        "revenue": 310,
        "buyer": "XYZ Recycling"
      },
      {
          "saleDate": {"$date": "2024-01-08T00:00:00.000Z"},
          "materialType": {
            "aluminum": 70,
            "cardboard": 53,
            "glass": 48,
            "metal": {"cans": 50, "scrap": 44},
            "paper": {"books": 32, "mixed": 26, "newspaper": 52, "white": 35},
            "plastic": {"PET": 25, "HDPEColored": 21, "HDPENatural": 15}
          },
          "revenue": 320,
          "buyer": "Eco Buyers Ltd."
      },
      {
        "saleDate": {"$date": "2024-01-17T00:00:00.000Z"},
        "materialType": {
          "aluminum": 60,
          "cardboard": 50,
          "glass": 40,
          "metal": {"cans": 45, "scrap": 38},
          "paper": {"books": 25, "mixed": 20, "newspaper": 45, "white": 30},
          "plastic": {"PET": 20, "HDPEColored": 15, "HDPENatural": 10}
        },
        "revenue": 300,
        "buyer": "ABC Recycling Co."
      },
      {
          "saleDate": {"$date": "2024-01-28T00:00:00.000Z"},
          "materialType": {
            "aluminum": 70,
            "cardboard": 53,
            "glass": 48,
            "metal": {"cans": 50, "scrap": 44},
            "paper": {"books": 32, "mixed": 26, "newspaper": 52, "white": 35},
            "plastic": {"PET": 25, "HDPEColored": 21, "HDPENatural": 15}
          },
          "revenue": 320,
          "buyer": "Eco Buyers Ltd."
      },
      {
        "saleDate": {"$date": "2024-02-12T00:00:00.000Z"},
        "materialType": {
          "aluminum": 62,
          "cardboard": 49,
          "glass": 42,
          "metal": {"cans": 46, "scrap": 39},
          "paper": {"books": 28, "mixed": 21, "newspaper": 48, "white": 32},
          "plastic": {"PET": 21, "HDPEColored": 16, "HDPENatural": 11}
        },
        "revenue": 310,
        "buyer": "XYZ Recycling"
      },
      {
          "saleDate": {"$date": "2024-02-28T00:00:00.000Z"},
          "materialType": {
            "aluminum": 70,
            "cardboard": 53,
            "glass": 48,
            "metal": {"cans": 50, "scrap": 44},
            "paper": {"books": 32, "mixed": 26, "newspaper": 52, "white": 35},
            "plastic": {"PET": 25, "HDPEColored": 21, "HDPENatural": 15}
          },
          "revenue": 320,
          "buyer": "Eco Buyers Ltd."
        },
        {
          "saleDate": {"$date": "2024-03-07T00:00:00.000Z"},
          "materialType": {
            "aluminum": 60,
            "cardboard": 50,
            "glass": 40,
            "metal": {"cans": 45, "scrap": 38},
            "paper": {"books": 25, "mixed": 20, "newspaper": 45, "white": 30},
            "plastic": {"PET": 20, "HDPEColored": 15, "HDPENatural": 10}
          },
          "revenue": 300,
          "buyer": "ABC Recycling Co."
        },
        {
            "saleDate": {"$date": "2024-03-18T00:00:00.000Z"},
            "materialType": {
              "aluminum": 70,
              "cardboard": 53,
              "glass": 48,
              "metal": {"cans": 50, "scrap": 44},
              "paper": {"books": 32, "mixed": 26, "newspaper": 52, "white": 35},
              "plastic": {"PET": 25, "HDPEColored": 21, "HDPENatural": 15}
            },
            "revenue": 320,
            "buyer": "Eco Buyers Ltd."
        },
        {
          "saleDate": {"$date": "2024-03-25T00:00:00.000Z"},
          "materialType": {
            "aluminum": 62,
            "cardboard": 49,
            "glass": 42,
            "metal": {"cans": 46, "scrap": 39},
            "paper": {"books": 28, "mixed": 21, "newspaper": 48, "white": 32},
            "plastic": {"PET": 21, "HDPEColored": 16, "HDPENatural": 11}
          },
          "revenue": 310,
          "buyer": "XYZ Recycling"
        },
        {
            "saleDate": {"$date": "2024-04-08T00:00:00.000Z"},
            "materialType": {
              "aluminum": 70,
              "cardboard": 53,
              "glass": 48,
              "metal": {"cans": 50, "scrap": 44},
              "paper": {"books": 32, "mixed": 26, "newspaper": 52, "white": 35},
              "plastic": {"PET": 25, "HDPEColored": 21, "HDPENatural": 15}
            },
            "revenue": 320,
            "buyer": "Eco Buyers Ltd."
        },
        {
            "saleDate": {"$date": "2024-04-18T00:00:00.000Z"},
            "materialType": {
              "aluminum": 70,
              "cardboard": 53,
              "glass": 48,
              "metal": {"cans": 50, "scrap": 44},
              "paper": {"books": 32, "mixed": 26, "newspaper": 52, "white": 35},
              "plastic": {"PET": 25, "HDPEColored": 21, "HDPENatural": 15}
            },
            "revenue": 320,
            "buyer": "Eco Buyers Ltd."
        },
        {
          "saleDate": {"$date": "2024-04-25T00:00:00.000Z"},
          "materialType": {
            "aluminum": 62,
            "cardboard": 49,
            "glass": 42,
            "metal": {"cans": 46, "scrap": 39},
            "paper": {"books": 28, "mixed": 21, "newspaper": 48, "white": 32},
            "plastic": {"PET": 21, "HDPEColored": 16, "HDPENatural": 11}
          },
          "revenue": 310,
          "buyer": "XYZ Recycling"
        },
        {
            "saleDate": {"$date": "2024-05-08T00:00:00.000Z"},
            "materialType": {
              "aluminum": 70,
              "cardboard": 53,
              "glass": 48,
              "metal": {"cans": 50, "scrap": 44},
              "paper": {"books": 32, "mixed": 26, "newspaper": 52, "white": 35},
              "plastic": {"PET": 25, "HDPEColored": 21, "HDPENatural": 15}
            },
            "revenue": 320,
            "buyer": "Eco Buyers Ltd."
        },
        {
          "saleDate": {"$date": "2024-05-17T00:00:00.000Z"},
          "materialType": {
            "aluminum": 60,
            "cardboard": 50,
            "glass": 40,
            "metal": {"cans": 45, "scrap": 38},
            "paper": {"books": 25, "mixed": 20, "newspaper": 45, "white": 30},
            "plastic": {"PET": 20, "HDPEColored": 15, "HDPENatural": 10}
          },
          "revenue": 300,
          "buyer": "ABC Recycling Co."
        },
        {
            "saleDate": {"$date": "2024-05-28T00:00:00.000Z"},
            "materialType": {
              "aluminum": 70,
              "cardboard": 53,
              "glass": 48,
              "metal": {"cans": 50, "scrap": 44},
              "paper": {"books": 32, "mixed": 26, "newspaper": 52, "white": 35},
              "plastic": {"PET": 25, "HDPEColored": 21, "HDPENatural": 15}
            },
            "revenue": 320,
            "buyer": "Eco Buyers Ltd."
        },
        {
          "saleDate": {"$date": "2024-06-12T00:00:00.000Z"},
          "materialType": {
            "aluminum": 62,
            "cardboard": 49,
            "glass": 42,
            "metal": {"cans": 46, "scrap": 39},
            "paper": {"books": 28, "mixed": 21, "newspaper": 48, "white": 32},
            "plastic": {"PET": 21, "HDPEColored": 16, "HDPENatural": 11}
          },
          "revenue": 310,
          "buyer": "XYZ Recycling"
        },
        {
            "saleDate": {"$date": "2024-06-28T00:00:00.000Z"},
            "materialType": {
              "aluminum": 70,
              "cardboard": 53,
              "glass": 48,
              "metal": {"cans": 50, "scrap": 44},
              "paper": {"books": 32, "mixed": 26, "newspaper": 52, "white": 35},
              "plastic": {"PET": 25, "HDPEColored": 21, "HDPENatural": 15}
            },
            "revenue": 320,
            "buyer": "Eco Buyers Ltd."
          },
          {
            "saleDate": {"$date": "2024-07-07T00:00:00.000Z"},
            "materialType": {
              "aluminum": 60,
              "cardboard": 50,
              "glass": 40,
              "metal": {"cans": 45, "scrap": 38},
              "paper": {"books": 25, "mixed": 20, "newspaper": 45, "white": 30},
              "plastic": {"PET": 20, "HDPEColored": 15, "HDPENatural": 10}
            },
            "revenue": 300,
            "buyer": "ABC Recycling Co."
          },
          {
              "saleDate": {"$date": "2024-07-18T00:00:00.000Z"},
              "materialType": {
                "aluminum": 70,
                "cardboard": 53,
                "glass": 48,
                "metal": {"cans": 50, "scrap": 44},
                "paper": {"books": 32, "mixed": 26, "newspaper": 52, "white": 35},
                "plastic": {"PET": 25, "HDPEColored": 21, "HDPENatural": 15}
              },
              "revenue": 320,
              "buyer": "Eco Buyers Ltd."
          },
          {
            "saleDate": {"$date": "2024-07-25T00:00:00.000Z"},
            "materialType": {
              "aluminum": 62,
              "cardboard": 49,
              "glass": 42,
              "metal": {"cans": 46, "scrap": 39},
              "paper": {"books": 28, "mixed": 21, "newspaper": 48, "white": 32},
              "plastic": {"PET": 21, "HDPEColored": 16, "HDPENatural": 11}
            },
            "revenue": 310,
            "buyer": "XYZ Recycling"
          },
          {
              "saleDate": {"$date": "2024-08-08T00:00:00.000Z"},
              "materialType": {
                "aluminum": 70,
                "cardboard": 53,
                "glass": 48,
                "metal": {"cans": 50, "scrap": 44},
                "paper": {"books": 32, "mixed": 26, "newspaper": 52, "white": 35},
                "plastic": {"PET": 25, "HDPEColored": 21, "HDPENatural": 15}
              },
              "revenue": 320,
              "buyer": "Eco Buyers Ltd."
          },
        {
          "saleDate": {"$date": "2024-08-17T00:00:00.000Z"},
          "materialType": {
            "aluminum": 60,
            "cardboard": 50,
            "glass": 40,
            "metal": {"cans": 45, "scrap": 38},
            "paper": {"books": 25, "mixed": 20, "newspaper": 45, "white": 30},
            "plastic": {"PET": 20, "HDPEColored": 15, "HDPENatural": 10}
          },
          "revenue": 300,
          "buyer": "ABC Recycling Co."
        },
        {
            "saleDate": {"$date": "2024-08-28T00:00:00.000Z"},
            "materialType": {
              "aluminum": 70,
              "cardboard": 53,
              "glass": 48,
              "metal": {"cans": 50, "scrap": 44},
              "paper": {"books": 32, "mixed": 26, "newspaper": 52, "white": 35},
              "plastic": {"PET": 25, "HDPEColored": 21, "HDPENatural": 15}
            },
            "revenue": 320,
            "buyer": "Eco Buyers Ltd."
        },
        {
          "saleDate": {"$date": "2024-09-12T00:00:00.000Z"},
          "materialType": {
            "aluminum": 62,
            "cardboard": 49,
            "glass": 42,
            "metal": {"cans": 46, "scrap": 39},
            "paper": {"books": 28, "mixed": 21, "newspaper": 48, "white": 32},
            "plastic": {"PET": 21, "HDPEColored": 16, "HDPENatural": 11}
          },
          "revenue": 310,
          "buyer": "XYZ Recycling"
        },
        {
            "saleDate": {"$date": "2024-09-28T00:00:00.000Z"},
            "materialType": {
              "aluminum": 70,
              "cardboard": 53,
              "glass": 48,
              "metal": {"cans": 50, "scrap": 44},
              "paper": {"books": 32, "mixed": 26, "newspaper": 52, "white": 35},
              "plastic": {"PET": 25, "HDPEColored": 21, "HDPENatural": 15}
            },
            "revenue": 320,
            "buyer": "Eco Buyers Ltd."
          },
          {
            "saleDate": {"$date": "2024-10-07T00:00:00.000Z"},
            "materialType": {
              "aluminum": 60,
              "cardboard": 50,
              "glass": 40,
              "metal": {"cans": 45, "scrap": 38},
              "paper": {"books": 25, "mixed": 20, "newspaper": 45, "white": 30},
              "plastic": {"PET": 20, "HDPEColored": 15, "HDPENatural": 10}
            },
            "revenue": 300,
            "buyer": "ABC Recycling Co."
          },
          {
              "saleDate": {"$date": "2024-10-18T00:00:00.000Z"},
              "materialType": {
                "aluminum": 70,
                "cardboard": 53,
                "glass": 48,
                "metal": {"cans": 50, "scrap": 44},
                "paper": {"books": 32, "mixed": 26, "newspaper": 52, "white": 35},
                "plastic": {"PET": 25, "HDPEColored": 21, "HDPENatural": 15}
              },
              "revenue": 320,
              "buyer": "Eco Buyers Ltd."
          },
          {
            "saleDate": {"$date": "2024-10-25T00:00:00.000Z"},
            "materialType": {
              "aluminum": 62,
              "cardboard": 49,
              "glass": 42,
              "metal": {"cans": 46, "scrap": 39},
              "paper": {"books": 28, "mixed": 21, "newspaper": 48, "white": 32},
              "plastic": {"PET": 21, "HDPEColored": 16, "HDPENatural": 11}
            },
            "revenue": 310,
            "buyer": "XYZ Recycling"
          }
  ]
  